<?xml version="1.0" encoding="UTF-8" standalone="no"?>
<project>
	<configuration id="it.baeyens.arduino.core.toolChain.release.1949785128" name="Release">
		<extension point="org.eclipse.cdt.core.LanguageSettingsProvider">
			<provider copy-of="extension" id="org.eclipse.cdt.ui.UserLanguageSettingsProvider"/>
			<provider-reference id="org.eclipse.cdt.core.ReferencedProjectsLanguageSettingsProvider" ref="shared-provider"/>
			<provider class="it.baeyens.arduino.toolchain.ArduinoLanguageProvider" console="false" env-hash="-1640262198928430256" id="it.baeyens.arduino.languageSettingsProvider" keep-relative-paths="false" name="mcore Compiler Settings" parameter="${COMMAND} -E -P -v -dD ${INPUTS}" prefer-non-shared="true">
				<language-scope id="org.eclipse.cdt.core.gcc"/>
				<language-scope id="org.eclipse.cdt.core.g++"/>
			</provider>
			<provider-reference id="org.eclipse.cdt.managedbuilder.core.MBSLanguageSettingsProvider" ref="shared-provider"/>
		</extension>
	</configuration>
</project>
