{
    "button": [
        {
            "name": "我的物联", 
            "sub_button": [
                {
                    "type": "view", 
                    "name": "智能配网", 
                    "url": "http://a3050311118.gicp.net/jssdk/airkiss.php"
                }, 
                {
                    "type": "view", 
                    "name": "我的设备", 
                    "url": "http://a3050311118.gicp.net/jssdk/devlist.php"
                }
            ]
        }, 
        {
            "name": "蘑菇产品", 
            "sub_button": [
                {
                    "type": "view", 
                    "name": "公司介绍", 
                    "url": "http://www.soso.com/"
                }, 
                {
                    "type": "view", 
                    "name": "意见建议", 
                    "url": "http://v.qq.com/"
                }, 
                {
                    "type": "view", 
                    "name": "产品介绍", 
                    "url": "http://v.qq.com/"
                }
            ]
        }, 
        {
            "name": "蘑菇APP", 
            "sub_button": [
                {
                    "type": "view", 
                    "name": "公司介绍", 
                    "url": "http://www.soso.com/"
                }, 
                {
                    "type": "view", 
                    "name": "意见建议", 
                    "url": "http://v.qq.com/"
                }, 
                {
                    "type": "view", 
                    "name": "产品介绍", 
                    "url": "http://v.qq.com/"
                }
            ]
        }
    ]
}